INSERT INTO `roles` (`id`, `name`, `description`, `created_at`, `updated_at`) VALUES
(1, 'Admin', 'This is the administration role, create and manage all pages and users', '2023-11-13 12:02:30', '2023-11-20 11:46:07'),
(2, 'Creator', 'Create and manage own pages.', '2023-11-13 12:02:31', '2023-11-20 11:45:52'),
(3, 'Member', 'Read only', '2023-11-13 12:02:31', '2023-11-20 11:46:14');

INSERT INTO `users` (`id`, `name`, `email`, `role_id`, `status`, `email_verified_at`, `password`, `picture`, `location`, `phone`, `remember_token`, `created_at`, `updated_at`) VALUES
(1, 'ODP admin', 'odp.admin@yopmail.com', 1, 'active', NULL, '$2y$10$QMeJTMNLcJLZZZ1tgA1vz.dIFakyc2snJUER/nAYxb6XKI/UrBHJa', NULL, NULL, NULL, NULL, '2025-06-27 06:42:33', '2025-06-27 06:42:33');


INSERT INTO `labs` (`id`, `name`, `lat`, `lng`, `radius`) VALUES
(1, 'Munich', '48.1351', '11.5820', 50),
(2, 'Geneva', '46.2044', '6.1432', 50),
(3, 'Jerusalem', '31.7683', '35.2137', 50),
(4, 'Penteli', '38.0451', '23.8625', 50),
(5, 'Rotterdam', '51.9225', '4.47917', 50),
(6, 'Krakow', '50.0647', '19.9450', 50),
(7, 'Fredrikstad', '59.2181', '10.9298', 50),
(8, 'Larnaca', '34.9229', '33.6233', 50),
(9, 'Coimbra', '40.2033', '-8.4103', 50);


INSERT INTO `living_lab_user_relation` (`id`, `user_id`, `living_lab_id`, `created_at`) VALUES
(1, 1, 1, now()),
(2, 1, 2, now());


INSERT INTO `projects` (`name`, `description`, `type`, `image_url`, `created_at`, `updated_at`) VALUES
('Congestion charges', 'Fees imposed on vehicles entering designated city areas to reduce traffic congestion.', 'PUSH', '/icons/ticket.svg', NOW(), NOW()),
('Parking charges', 'Increased parking fees to discourage long-term car use and promote modal shift.', 'PUSH', '/icons/parking_sign.svg', NOW(), NOW()),
('Restricted parking', 'Reductions in available public parking to limit car access, especially in central zones.', 'PUSH', '/icons/no_cars.svg', NOW(), NOW()),
('Limited traffic zone / Pedestrianisation of streets', 'Car-free or low-emission zones that prioritize pedestrians, cyclists, and shared mobility.', 'PUSH', '/icons/pedestrian.svg', NOW(), NOW()),
('Parking supply management', 'Policies that reduce or restructure parking supply to manage demand and encourage alternatives.', 'PUSH', '/icons/parking_sign.svg', NOW(), NOW()),
('Speed limits', 'Lowering vehicle speed limits to improve safety and promote non-motorized travel.', 'PUSH', '/icons/30sign.svg', NOW(), NOW()),
('Mobility hubs', 'Centralized locations where multiple transport modes (e.g., bikes, buses, taxis) are integrated.', 'PULL', '/icons/cityz_zones.svg', NOW(), NOW()),
('Scheduling integration in MaaS services', 'Coordinated schedules across transport services to streamline connections.', 'PULL', '/icons/time_table.svg', NOW(), NOW()),
('Ticketing integration in MaaS services', 'Unified or digital ticketing across services to simplify travel.', 'PULL', '/icons/mobile.svg', NOW(), NOW()),
('Improved NSM infrastructure, e.g. bike lanes & "park & ride"', 'New infrastructure like bike lanes, "park & ride" stations to support non-car travel.', 'PULL', '/icons/bike_lane.svg', NOW(), NOW()),
('On demand vehicle sharing action plan', 'Access to shared vehicles (cars, bikes, e-scooters) on demand via apps or stations.', 'PULL', '/icons/mobile.svg', NOW(), NOW()),
('Nudging (gamification or rewards)', 'Use of rewards or games to encourage use of shared or sustainable transport.', 'PULL', '/icons/kid1.svg', NOW(), NOW()),
('Dynamic pricing of NSM', 'Flexible pricing (e.g., cheaper off-peak rides) to balance demand and promote use.', 'PULL', '/icons/ticket.svg', NOW(), NOW()),
('Improved information about the availability of shared modes', 'Real-time data on vehicle availability and travel options via digital platforms.', 'PULL', '/icons/mobile.svg', NOW(), NOW()),
('Introduction of new NSM services', 'Launch of bike-sharing, scooter-sharing, or other new transport options.', 'PULL', '/icons/e-scooter.svg', NOW(), NOW()),
('Introduction of new PT infrastructures/lines', 'Deployment of new public transport lines like electric buses or tram extensions.', 'PULL', '/icons/metro_tunnel.svg', NOW(), NOW()),
('Streets retrofitting/introduction of priority lanes', 'Street redesign for better walking/cycling and priority lanes for buses or shared modes.', 'PULL', '/icons/cityz_zones.svg', NOW(), NOW()),
('Dedicated parking spaces for carsharing/micromobility', 'Reserved spaces to support the use of shared cars or micromobility vehicles.', 'PULL', '/icons/bycicle_parking.svg', NOW(), NOW()),
('Widening PT geographical area', 'Extending public transport coverage to reach underserved zones.', 'PULL', '/icons/metro_map.svg', NOW(), NOW()),
('Central PT planning and construction program', 'Comprehensive public transport network planning to enhance coordination and efficiency.', 'PULL', '/icons/cityz_zones.svg', NOW(), NOW());


INSERT INTO `transport_mode` (`id`, `name`, `description`, `type`, `color`, `created_at`) VALUES
(1, 'Private Car', 'Individually owned motor vehicle used for personal trips.', 'PRIVATE', '#004494', NOW()),
(2, 'Motorcycle / Scooter', 'Two-wheeled motorised vehicle for solo or two-person travel.', 'PRIVATE', '#FF632F', NOW()),
(3, 'Carsharing', 'Shared access to cars on demand through a membership or app.', 'NSM', '#6FAE24', NOW()),
(4, 'Bicycle (or e-bike)', 'User-owned bicycle for short-to-medium distance trips.', 'NSM', '#81BF2D', NOW()),
(5, 'E-scooter', 'Electric micromobility vehicles', 'NSM', '#98C33A', NOW()),
(6, 'Walking', 'Pedestrian travel for short distances; zero-emission active mode.', 'OTHER', '#DADADA', NOW()),
(7, 'Micromobility', '', 'NSM', '#B4D952', NOW()),
(8, 'Ride hailing', 'Flexible shared transit that adapts routes and schedules to demand.', 'NSM', '#D0F06A', NOW()),
(9, 'Taxi', 'Taxi ride hailing', 'NSM', '#55910b', NOW()),
(10, 'Train', 'Metro, suburban railway, tram, etc.', 'PUBLIC_TRANSPORT', '#f97448', NOW()),
(11, 'Bus', 'Or trolley bus, scheduled public transport on roads serving local or regional routes.', 'PUBLIC_TRANSPORT', '#4797d8', NOW()),
(12, 'Ferry', 'Or water taxi, scheduled public transport on water routes.', 'PUBLIC_TRANSPORT', '#75BDFB', NOW()),
(13, 'Other', 'Other means of transport', 'PRIVATE', '#606060', NOW());


INSERT INTO `kpidefinitions` (
  `id`,
  `parent_kpi_id`,
  `kpi_number`,
  `type`,
  `name`,
  `description`,
  `metric`,
  `metric_description`,
  `disclaimer`,
  `progression_target`,
  `min_value`,
  `max_value`,
  `created_at`,
  `updated_at`
) VALUES
(1, NULL, '1', 'GLOBAL', 'Level of completion of SUMP measures', 'It is the share (%) of SUMP measures implemented within the SUM project in each LL.', 'percentage', '% of measures completed', 'The SUMP time plan of each LL should be considered to determine which action had to be completed in each time frame.', 1, 0, 1, NOW(), NOW()),
(2, NULL, '2', 'GLOBAL', 'Community Involvement', 'It is the number of participatory planning or public engagement activities that have been organized in each LL.', 'custom_unit', 'number of activities organized', 'These activities may not be necessarily organized by the SUM project. LLs should provide a list with the events that have been organized. The engagement of the community in each event needs to be comprehensively explained', 1, 0, NULL, NOW(), NOW()),
(3, NULL, '3', 'GLOBAL', 'Balance of pull - push measures', 'It is defined as the ratio between planned or implemented pull measures over the planned or implemented push interventions in each LL.', 'ratio', '', NULL, 0, 0, NULL, NOW(), NOW()),
(4, 3, '3.1', 'GLOBAL', 'planned measures', 'It is defined as the ratio between planned or implemented pull measures over the planned or implemented push interventions in each LL.', 'ratio', 'budget ratio of pull over push measures', NULL, 0, 0, NULL, NOW(), NOW()),
(5, 3, '3.2', 'GLOBAL', 'implemented measures', 'It is defined as the ratio between implemented pull measures over the implemented push interventions in each LL.', 'ratio', 'budget ratio of push over pull measures', NULL, 1, 0, NULL, NOW(), NOW()),
(6, NULL, '4', 'GLOBAL', 'Number of NSM integrated in the system', 'It is total number of NSMs that have already been integrated in the transport system of each LL.', 'custom_unit', 'number of services integrated', 'This can be done either by ticket integration system or by physical infrastructure that facilitates intermodal transitions and seamless trips (e.g., mobility hubs).', 1, 0, NULL, NOW(), NOW()),
(7, NULL, '5', 'GLOBAL', 'Acceptance level of planned/implemented measures', 'It is the share (%) of respondents who accept the planned/implemented interventions in each LL', 'percentage', '% of respondents who accept the planned/implemented measures', 'Respondents have provided highest rates 4, 5, and 6', 1, 0, 1, NOW(), NOW()),
(8, NULL, '6', 'GLOBAL', 'Intention level to use NSM', 'It is the share (%) of respondents who intend to use or continue using NSM', 'percentage', '% of respondents intending to use of continue using NSM', 'Respondents have provided highest rates 4, 5, and 6', 1, 0, 1, NOW(), NOW()),
(9, 8, '6.1', 'GLOBAL', 'car-sharing', 'It is the share (%) of respondents who intend to use or continue using NSM', 'percentage', '', NULL, 1, 0, 1, NOW(), NOW()),
(10, 8, '6.2', 'GLOBAL', 'micro-mobility', 'It is the share (%) of respondents who intend to use or continue using NSM', 'percentage', '', NULL, 1, 0, 1, NOW(), NOW()),
(11, 8, '6.3', 'GLOBAL', 'ride-hailing', 'It is the share (%) of respondents who intend to use or continue using NSM', 'percentage', '', NULL, 1, 0, 1, NOW(), NOW()),
(12, NULL, '7', 'GLOBAL', 'Actual door-to-door travel time', 'It is the actual door-to-door travel time using NSM + PT (alternative modes) over the actual door-to-door travel time using a private car', 'ratio', 'time ratio of NSM+PT over private car', 'Private car is considered as the dominant mode', 0, 0, 3, NOW(), NOW()),
(13, 12, '7.1', 'GLOBAL', 'car-sharing only', 'It is the actual door-to-door travel time using NSM + PT (alternative modes) over the actual door-to-door travel time using a private car at peak/off-peak hours in each LL.', 'ratio', '', 'Private car is considered as the dominant mode', 0, 0, 3, NOW(), NOW()),
(14, 12, '7.2', 'GLOBAL', 'micro-mobility only', 'It is the actual door-to-door travel time using NSM + PT over private car at peak/off-peak hours in each LL.', 'ratio', '', 'Private car is considered as the dominant mode', 0, 0, 3, NOW(), NOW()),
(15, 12, '7.3', 'GLOBAL', 'ride-hailing and shuttle services only', 'It is the actual door-to-door travel time using NSM + PT over private car at peak/off-peak hours in each LL.', 'ratio', '', 'Private car is considered as the dominant mode', 0, 0, 3, NOW(), NOW()),
(16, 12, '7.4', 'GLOBAL', 'public Transport only', 'It is the actual door-to-door travel time using NSM + PT over private car at peak/off-peak hours in each LL.', 'ratio', '', 'Private car is considered as the dominant mode', 0, 0, 3, NOW(), NOW()),
(17, 12, '7.5', 'GLOBAL', 'public transport and car-sharing', 'It is the actual door-to-door travel time using NSM + PT over private car at peak/off-peak hours in each LL.', 'ratio', '', 'Private car is considered as the dominant mode', 0, 0, 3, NOW(), NOW()),
(18, 12, '7.6', 'GLOBAL', 'public transport and micro-mobility', 'It is the actual door-to-door travel time using NSM + PT over private car at peak/off-peak hours in each LL.', 'ratio', '', 'Private car is considered as the dominant mode', 0, 0, 3, NOW(), NOW()),
(19, 12, '7.7', 'GLOBAL', 'public transport and ride-hailing or shuttle services', 'It is the actual door-to-door travel time using NSM + PT over private car at peak/off-peak hours in each LL.', 'ratio', '', 'Private car is considered as the dominant mode', 0, 0, 3, NOW(), NOW()),
(20, NULL, '8', 'GLOBAL', 'Active mobility infrastructure', 'It is the share (%) of road network length with bike lanes, traffic calming measures (30 km/h or less), or pedestrian zones in each LL over the total road network length', 'percentage', '% of network with active mobility infrastructure', NULL, 1, 0, 1, NOW(), NOW()),
(21, NULL, '9', 'GLOBAL', 'Multimodal integration in stations/stops', 'It is the average percentage (%) of available transport modes (NSM + PT) at mobility hubs in relation to the total number of transport modes operating in each LL.', 'percentage', 'percentage of stops with multimodal integration', 'If there is no mobility hub, then the result is 0%.', 1, 0, 1, NOW(), NOW()),
(22, NULL, '10', 'GLOBAL', 'Travel cost ratio', 'It is the mean travel cost of using NSM + PT over the mean travel cost of using private car in each LL.', 'ratio', 'cost ratio of using NSM+PT over private car', 'In private car, mean parking cost and fuel cost are only considered.', 0, 0, 5, NOW(), NOW()),
(23, 22, '10.1.1', 'GLOBAL', 'public transport #1', 'It is the mean travel cost of using NSM + PT over the mean travel cost of using private car in each LL.', 'ratio', '', NULL, 0, 0, 5, NOW(), NOW()),
(24, 22, '10.1.2', 'GLOBAL', 'public transport #2', 'It is the mean travel cost of using NSM + PT over the mean travel cost of using private car in each LL.', 'ratio', '', NULL, 0, 0, 5, NOW(), NOW()),
(25, 22, '10.1.3', 'GLOBAL', 'public transport #3', 'It is the mean travel cost of using NSM + PT over the mean travel cost of using private car in each LL.', 'ratio', '', NULL, 0, 0, 5, NOW(), NOW()),
(26, 22, '10.2.1', 'GLOBAL', 'car sharing #1', 'It is the mean travel cost of using NSM + PT over the mean travel cost of using private car in each LL.', 'ratio', '', NULL, 0, 0, 5, NOW(), NOW()),
(27, 22, '10.2.2', 'GLOBAL', 'car sharing #2', 'It is the mean travel cost of using NSM + PT over the mean travel cost of using private car in each LL.', 'ratio', '', NULL, 0, 0, 5, NOW(), NOW()),
(28, 22, '10.3.1', 'GLOBAL', 'micro-mobility #1', 'It is the mean travel cost of using NSM + PT over the mean travel cost of using private car in each LL.', 'ratio', '', NULL, 0, 0, 5, NOW(), NOW()),
(29, 22, '10.3.2', 'GLOBAL', 'micro-mobility #2', 'It is the mean travel cost of using NSM + PT over the mean travel cost of using private car in each LL.', 'ratio', '', NULL, 0, 0, 5, NOW(), NOW()),
(30, 22, '10.3.3', 'GLOBAL', 'micro-mobility #3', 'It is the mean travel cost of using NSM + PT over the mean travel cost of using private car in each LL.', 'ratio', '', NULL, 0, 0, 5, NOW(), NOW()),
(31, 22, '10.4.1', 'GLOBAL', 'ride-hailing and shuttle services #1', 'It is the mean travel cost of using NSM + PT over the mean travel cost of using private car in each LL.', 'ratio', '', NULL, 0, 0, 5, NOW(), NOW()),
(32, 22, '10.4.2', 'GLOBAL', 'ride-hailing and shuttle services #2', 'It is the mean travel cost of using NSM + PT over the mean travel cost of using private car in each LL.', 'ratio', '', NULL, 0, 0, 5, NOW(), NOW()),
(33, NULL, '11', 'GLOBAL', 'Perceived door-to-door travel time ratio', 'It is the perceived door-to-door travel time using NSM + PT over the perceived door-to-door travel time using a private car at peak/off-peak hours in each LL.', 'ratio', 'time ratio of NSM+PT over private car', 'Private car is considered as the dominant mode', 0, 0, 3, NOW(), NOW()),
(34, 33, '11.1.1', 'GLOBAL', 'taxi [off-peak]', 'It is the perceived door-to-door travel time using NSM + PT over the perceived door-to-door travel time using a private car at peak/off-peak hours in each LL.', 'ratio', '', NULL, 0, 0, 3, NOW(), NOW()),
(35, 33, '11.1.2', 'GLOBAL', 'public transport [off-peak]', 'It is the perceived door-to-door travel time using NSM + PT over the perceived door-to-door travel time using a private car at peak/off-peak hours in each LL.', 'ratio', '', NULL, 0, 0, 3, NOW(), NOW()),
(36, 33, '11.1.3', 'GLOBAL', 'bicycle [off - peak]', 'It is the perceived door-to-door travel time using NSM + PT over the perceived door-to-door travel time using a private car at peak/off-peak hours in each LL.', 'ratio', '', NULL, 0, 0, 3, NOW(), NOW()),
(37, 33, '11.2.1', 'GLOBAL', 'taxi [peak]', 'It is the perceived door-to-door travel time using NSM + PT over the perceived door-to-door travel time using a private car at peak/off-peak hours in each LL.', 'ratio', '', NULL, 0, 0, 3, NOW(), NOW()),
(38, 33, '11.2.2', 'GLOBAL', 'public transport [peak]', 'It is the perceived door-to-door travel time using NSM + PT over the perceived door-to-door travel time using a private car at peak/off-peak hours in each LL.', 'ratio', '', NULL, 0, 0, 3, NOW(), NOW()),
(39, 33, '11.2.3', 'GLOBAL', 'bicycle [peak]', 'It is the perceived door-to-door travel time using NSM + PT over the perceived door-to-door travel time using a private car at peak/off-peak hours in each LL.', 'ratio', '', NULL, 0, 0, 3, NOW(), NOW()),
(40, NULL, '12', 'GLOBAL', 'Perceived safety diff', 'It is the mean difference of perceived safety ratings for each NSM mode over the perceived safety ratings of private car in each LL.', 'score', 'safety levels (from -5 to 5)', NULL, 1, -5, 5, NOW(), NOW()),
(41, 40, '12.1.1', 'GLOBAL', 'personal safety diff - taxi', 'It is the mean difference of perceived safety ratings for each NSM mode over the perceived safety ratings of private car in each LL.', 'score', '', NULL, 1, -5, 5, NOW(), NOW()),
(42, 40, '12.1.2', 'GLOBAL', 'personal safety diff - public transport', 'It is the mean difference of perceived safety ratings for each NSM mode over the perceived safety ratings of private car in each LL.', 'score', '', NULL, 1, -5, 5, NOW(), NOW()),
(43, 40, '12.1.3', 'GLOBAL', 'personal safety diff - bicycle', 'It is the mean difference of perceived safety ratings for each NSM mode over the perceived safety ratings of private car in each LL.', 'score', '', NULL, 1, -5, 5, NOW(), NOW()),
(44, 40, '12.2.1', 'GLOBAL', 'traffic safety diff - taxi', 'It is the mean difference of perceived safety ratings for each NSM mode over the perceived safety ratings of private car in each LL.', 'score', '', NULL, 1, -5, 5, NOW(), NOW()),
(45, 40, '12.2.2', 'GLOBAL', 'safety diff - public transport', 'It is the mean difference of perceived safety ratings for each NSM mode over the perceived safety ratings of private car in each LL.', 'score', '', NULL, 1, -5, 5, NOW(), NOW()),
(46, 40, '12.2.3', 'GLOBAL', 'safety diff - bicycle', 'It is the mean difference of perceived safety ratings for each NSM mode over the perceived safety ratings of private car in each LL.', 'score', '', NULL, 1, -5, 5, NOW(), NOW()),
(47, NULL, '13', 'GLOBAL', 'User satisfaction', 'It refers to the share (%) of satisfied users (rates 4, 5, and 6) by the provided NSM + PT services in each LL.', 'percentage', '% of satisfied users', NULL, 1, 0, 1, NOW(), NOW()),
(48, NULL, '14', 'GLOBAL', 'Perceived affordability', 'It is the perceived share (%) of the monthly household budget spent in travelling.', 'percentage', '% of monthly household budget spent in travelling', NULL, 0, 0, 1, NOW(), NOW()),
(51, NULL, '15', 'GLOBAL', 'Modal split', 'separate data presentation (per transport type)', 'percentage', '', NULL, 1, 0, 1, NOW(), NOW()),
(52, 51, '15.a', 'GLOBAL', 'Modal Split in trips', '', 'percentage', NULL, NULL, 1, 0, 1, NOW(), NOW()),
(53, 51, '15.b', 'GLOBAL', 'Modal Split in passenger kilometers', '', 'percentage', NULL, NULL, 1, 0, 1, NOW(), NOW()),
(54, 51, '15.c', 'GLOBAL', 'Modal Split in vehicle kilometers', '', 'percentage', NULL, NULL, 1, 0, 1, NOW(), NOW()),
(49, NULL, '16', 'GLOBAL', 'Greenhouse emissions', 'It is the tank-to-wheel and well-to-wheel CO2 emissions (in tons) of all passenger transport modes per inhabitant in each LL.', 'custom_unit', 'tons/y/cap', NULL, 0, 0, 2.75, NOW(), NOW()),
(60, NULL, '17', 'LOCAL', 'Air pollution emissions', 'well-to-wheel air pollutant emissions (in tons) of all passenger transport modes per inhabitant in each LL', 'custom_unit', 'tons/cap/y', 'NOx, NO2 and PM2.5 are taken into consideration.', 0, 0, 2.15, NOW(), NOW()),
(61, NULL, '18', 'LOCAL', 'Noise hindrance', 'the percentage of people exposed to different noise bands (i.e., 55–59, 60–64, 65–69, 70-74, > 75 dB) in each LL', 'percentage', '% of hindered population', 'Noise measurements in critical should be conducted, so that this indicator can be measured', 0, 0, 0.7, NOW(), NOW()),
(62, NULL, '19', 'LOCAL', 'Energy consumption ratio', 'The total energy consumption per km of only the passenger transport modes', 'custom_unit', 'MJ/y', NULL, 0, 1.5, 3.5, NOW(), NOW()),
(63, NULL, '20', 'LOCAL', 'Accessibility ratio', 'It is the accessibility provided by NSM and/or Public Transport over the accessibility private by private car', 'ratio', 'share of accessible infrastructure (%)', 'Private car is considered as the dominant transport mode. This indicator is estimated per zone of each LL. Maximum and minimum values can also be considered as reference points to describe potential changes.', 1, 0, NULL, NOW(), NOW()),
(64, NULL, '21', 'LOCAL', 'Horizontal social equity', 'It refers to the distribution of accessibility level among individuals, groups or geographic areas considered equal in capabilities and requirements.', 'ratio', 'equity level, from equity (0) to inequity (1)', 'The calculation of the GINI index is required.', 0, 0, 1, NOW(), NOW()),
(65, NULL, '22', 'LOCAL', 'Vertical social equity', 'It refers to the distribution of accessibility level among individuals, groups or geographic areas that differ in needs and abilities in each LL.', 'ratio', 'accessibility level, from -1 to 1', 'The calculation of the Bivariate Local Moran`s I is required.', 0, -1, 1, NOW(), NOW()),
(66, NULL, '23', 'LOCAL', 'Social inclusion', 'It is the inclusion of Public Transport and/or NSM services to persons with reduced mobility.', 'percentage', '% of inclusion', 'considering the vehicles/stations/stops that are accessible and comfort to those groups in each LL', 1, 0, 1, NOW(), NOW()),
(50, NULL, '24', 'GLOBAL', 'Congestion and travel delays', 'It is the average ratio between of travel time at peak hours and off-peak hours considering all transport modes', 'ratio', 'travel time ratio', 'A sample of 5 main traffic corridors is determined to measure it. The modal shares are utilized as weights to derive a mean value about travel delays.', 0, 0, 3, NOW(), NOW()),
(67, NULL, '25', 'LOCAL', 'Social welfare', 'It is defined as the total profits of passengers using NSM and Public Transport, expressed in time savings, plus the total profits of transport operators', 'custom_unit', 'euros', 'The total profits of transport operators is the ridership minus the cost of operation. In other words, it is the consumer surplus plus the producer surplus.', 1, 0, NULL, NOW(), NOW()),
(68, NULL, '26', 'LOCAL', 'Profitability of NSM operators', 'It is the annual change (%) in total profits of all NSMs that have been integrated in the transport system', 'percentage', '% of profit change', 'Total profits is defined as the ridership minus the cost of operation', 1, 0, 1, NOW(), NOW()),
(69, NULL, '27', 'LOCAL', 'Profitability of MaaS platforms', 'It is defined as the percentage change in total profits month-over-month', 'percentage', '% of profit change', 'Total profits are determined by the aggregate net income generated from all integrated transport services minus the operational costs incurred by the MaaS platform itself.', 1, 0, 1, NOW(), NOW()),
(70, NULL, '28', 'LOCAL', 'Operation revenue of NSMs', 'Revenue Per Month (€/Month) for NSM services per LL is a metric that represents the total income generated/ or/ predicted to be generated from the service within a month.', 'custom_unit', 'euros/month', 'It aggregates earnings from all operational activities related to the NSM service, including user/passenger fees per trip (which can be based on time, distance, or a flat rate), subscription fees, and any other associated service charges. It provides insight into the service`s monthly performance, understanding the service`s market position.', 1, 0, NULL, NOW(), NOW()),
(71, NULL, '29', 'LOCAL', 'Service utilization rate', 'The proportion of operational vehicles within the entire fleet', 'percentage', '% of operational vehicles', 'calculated typically on an hourly or daily basis but often averaged over a month or year for comparative analysis. It serves as a benchmark for assessing fleet utilization efficiency.', 1, 0, 1, NOW(), NOW());


INSERT INTO `categories` (`id`, `name`, `type`, `description`) VALUES
(1, 'Policies', 'KPI_SIEF', NULL),
(2, 'Transport System - Time', 'KPI_SIEF', NULL),
(3, 'Transport System - Safety/Comfort', 'KPI_SIEF', NULL),
(4, 'Transport System - Cost', 'KPI_SIEF', NULL),
(5, 'Impact - Environment', 'KPI_SIEF', NULL),
(6, 'Impact - Society', 'KPI_SIEF', NULL),
(7, 'Impact - Economy', 'KPI_SIEF', NULL);

INSERT INTO `kpidefinitions_category` (`kpidefinition_id`, `category_id`) VALUES
(1, 1),
(2, 1),
(3, 1),
(4, 1),
(5, 1),
(6, 1),
(12, 2),
(13, 2),
(14, 2),
(15, 2),
(16, 2),
(17, 2),
(18, 2),
(19, 2),
(33, 2),
(34, 2),
(35, 2),
(36, 2),
(37, 2),
(38, 2),
(39, 2),
(8, 3),
(9, 3),
(10, 3),
(11, 3),
(40, 3),
(41, 3),
(42, 3),
(43, 3),
(44, 3),
(45, 3),
(46, 3),
(47, 3),
(22, 4),
(23, 4),
(24, 4),
(25, 4),
(26, 4),
(27, 4),
(28, 4),
(29, 4),
(30, 4),
(31, 4),
(32, 4),
(48, 4),
(49, 5),
(60, 5),
(61, 5),
(62, 5),
(63, 6),
(64, 6),
(65, 6),
(66, 6),
(50, 7),
(67, 7),
(68, 7),
(69, 7),
(70, 7);

